S.No.,Name,Location,Year,Kilometers_Driven,Fuel_Type,Transmission,Owner_Type,Mileage,Engine,Power,Seats,Price
0,Maruti Wagon R LXI CNG,Mumbai,2010,72000,CNG,Manual,First,26.6,998,58.16,5,1.75
1,Hyundai Creta 1.6 CRDi SX Option,Pune,2015,41000,Diesel,Manual,First,19.67,1582,126.2,5,12.5
2,Honda Jazz V,Chennai,2011,46000,Petrol,Manual,First,18.2,1199,88.7,5,4.5
3,Maruti Ertiga VDI,Chennai,2012,87000,Diesel,Manual,First,20.77,1248,88.76,7,6
4,Audi A4 New 2.0 TDI Multitronic,Coimbatore,2013,40670,Diesel,Automatic,Second,15.2,1968,140.8,5,17.74
5,Hyundai EON LPG Era Plus Option,Hyderabad,2012,75000,LPG,Manual,First,21.1,814,55.2,5,2.35
6,Nissan Micra Diesel XV,Jaipur,2013,86999,Diesel,Manual,First,23.08,1461,63.1,5,3.5
7,Toyota Innova Crysta 2.8 GX AT 8S,Mumbai,2016,36000,Diesel,Automatic,First,11.36,2755,171.5,8,17.5
8,Volkswagen Vento Diesel Comfortline,Pune,2013,64430,Diesel,Manual,First,20.54,1598,103.6,5,5.2
9,Tata Indica Vista Quadrajet LS,Chennai,2012,65932,Diesel,Manual,Second,22.3,1248,74,5,1.95
10,Maruti Ciaz Zeta,Kochi,2018,25692,Petrol,Manual,First,21.56,1462,103.25,5,9.95
11,Honda City 1.5 V AT Sunroof,Kolkata,2012,60000,Petrol,Automatic,First,16.8,1497,116.3,5,4.49
12,Maruti Swift VDI BSIV,Jaipur,2015,64424,Diesel,Manual,First,25.2,1248,74,5,5.6
13,Land Rover Range Rover 2.2L Pure,Delhi,2014,72000,Diesel,Automatic,First,12.7,2179,187.7,5,27
14,Land Rover Freelander 2 TD4 SE,Pune,2012,85000,Diesel,Automatic,Second,0,2179,115,5,17.5
15,Mitsubishi Pajero Sport 4X4,Delhi,2014,110000,Diesel,Manual,First,13.5,2477,175.56,7,15
16,Honda Amaze S i-Dtech,Kochi,2016,58950,Diesel,Manual,First,25.8,1498,98.6,5,5.4
17,Maruti Swift DDiS VDI,Jaipur,2017,25000,Diesel,Manual,First,28.4,1248,74,5,5.99
18,Renault Duster 85PS Diesel RxL Plus,Kochi,2014,77469,Diesel,Manual,First,20.45,1461,83.8,5,6.34
19,Mercedes-Benz New C-Class C 220 CDI BE Avantgare,Bangalore,2014,78500,Diesel,Automatic,First,14.84,2143,167.62,5,28
20,BMW 3 Series 320d,Kochi,2014,32982,Diesel,Automatic,First,22.69,1995,190,5,18.55
21,Maruti S Cross DDiS 200 Alpha,Bangalore,2015,55392,Diesel,Manual,Second,23.65,1248,88.5,5,8.25
22,Audi A6 2011-2015 35 TFSI Technology,Mumbai,2015,55985,Petrol,Automatic,First,13.53,1984,177.01,5,23.5
23,Hyundai i20 1.2 Magna,Kolkata,2010,45807,Petrol,Manual,First,18.5,1197,80,5,1.87
24,Volkswagen Vento Petrol Highline AT,Kolkata,2010,33000,Petrol,Automatic,First,14.4,1598,103.6,5,2.85
25,Honda City Corporate Edition,Mumbai,2012,51920,Petrol,Manual,First,16.8,1497,116.3,5,4.25
26,Nissan Micra Diesel XV,Hyderabad,2012,54000,Diesel,Manual,First,23.08,1461,63.1,5,4.25
27,Maruti Alto K10 2010-2014 VXI,Hyderabad,2013,54000,Petrol,Manual,Second,20.92,998,67.1,5,2.75
28,Honda WRV i-VTEC VX,Kochi,2018,37430,Petrol,Manual,First,17.5,1199,88.7,5,9.9
29,Toyota Innova 2.5 V Diesel 7-seater,Mumbai,2007,262000,Diesel,Manual,Fourth & Above,12.8,2494,102,7,4
30,Renault Duster 110PS Diesel RxZ Pack,Bangalore,2013,62000,Diesel,Manual,First,19.01,1461,108.45,5,7.75
31,Toyota Corolla Altis G,Delhi,2012,87615,Petrol,Manual,First,14.53,1798,138.1,5,6.75
32,Mahindra Ssangyong Rexton RX7,Bangalore,2013,72000,Diesel,Automatic,Second,11.18,2696,184,7,12.5
33,Audi A6 2.7 TDI,Kolkata,2010,35000,Diesel,Automatic,First,12.4,2698,179.5,5,11.5
34,Volkswagen Vento 1.6 Highline,Coimbatore,2014,55431,Petrol,Manual,Second,16.09,1598,103.5,5,6.98
35,Maruti Wagon R LXI BSIII,Jaipur,2009,83816,Petrol,Manual,Second,14,1061,64,5,1.85
36,Maruti Vitara Brezza ZDi Plus,Kochi,2018,50075,Diesel,Manual,First,24.3,1248,88.5,5,8.63
37,Mahindra KUV 100 mFALCON G80 K6 5str AW,Delhi,2017,52000,Petrol,Manual,First,18.15,1198,82,5,4.85
38,Mercedes-Benz M-Class ML 350 CDI,Pune,2013,85000,Diesel,Automatic,First,11.74,2987,254.8,5,28
39,Volkswagen Polo Diesel Trendline 1.2L,Chennai,2013,62000,Diesel,Manual,First,22.07,1199,73.9,5,5
40,Maruti Alto LXi,Delhi,2008,90000,Petrol,Manual,Second,19.7,796,46.3,5,1.25
41,Tata Nano LX SE,Kochi,2014,19698,Petrol,Manual,First,25.4,624,37.5,4,1.53
42,Mahindra KUV 100 mFALCON D75 K8 Dual Tone,Coimbatore,2017,22033,Diesel,Manual,First,25.32,1198,77,6,5.58
43,Hyundai i20 Magna Optional 1.2,Kochi,2014,35487,Petrol,Manual,First,18.5,1197,82.9,5,4.74
44,Hyundai Elantra 2.0 SX Option AT,Bangalore,2014,46374,Petrol,Automatic,First,14.62,1999,149.92,5,8.85
45,Toyota Corolla Altis G AT,Mumbai,2016,52001,Petrol,Automatic,First,14.28,1798,138.03,5,10.11
46,Hyundai Elantra CRDi,Ahmedabad,2008,58005,Diesel,Manual,Second,14.9,1991,112.2,5,4.25
47,Toyota Innova Crysta 2.7 GX MT,Bangalore,2012,70704,Petrol,Manual,First,11.25,2694,163.7,7,10.95
48,Hyundai Xcent 1.1 CRDi S,Jaipur,2014,75000,Diesel,Manual,First,24.4,1120,71,5,3.85
49,Mahindra Thar CRDe AC,Jaipur,2012,75800,Diesel,Manual,Second,16.55,2498,105,6,5.5
50,Audi A4 2.0 TDI 177 Bhp Premium Plus,Kochi,2015,13648,Diesel,Automatic,First,17.11,1968,174.33,5,21.43
51,Maruti Swift LDI,Delhi,2014,52000,Diesel,Manual,First,22.9,1248,74,5,4.25
52,Maruti Swift Ldi BSIV,Kolkata,2014,53000,Diesel,Manual,First,17.8,1248,75,5,3.3
53,Maruti Swift VDI,Delhi,2013,65650,Diesel,Manual,First,28.4,1248,74,5,3.85
54,Hyundai Grand i10 Sportz,Chennai,2015,54000,Petrol,Manual,Third,18.9,1197,82,5,3.6
55,Volkswagen Vento 2013-2015 1.6 Comfortline,Kolkata,2015,39000,Petrol,Manual,First,15.04,1598,103.2,5,3.99
56,Renault KWID RXT,Kochi,2017,16542,Petrol,Manual,First,25.17,799,53.3,5,3.3
57,Hyundai i10 Asta,Kolkata,2010,32000,Petrol,Manual,First,20.36,1197,78.9,5,2.07
58,Nissan X-Trail SLX AT,Hyderabad,2010,121812,Diesel,Automatic,First,13.29,1995,147.6,5,7.75
59,Maruti Zen Estilo VXI BSIII,Hyderabad,2010,39300,Petrol,Manual,First,18.2,998,67.1,5,2.25
60,Toyota Innova Crysta 2.4 GX MT 8S,Mumbai,2017,22000,Diesel,Manual,First,13.68,2393,147.8,8,16.5
61,Ford Figo Diesel Titanium,Bangalore,2010,72000,Diesel,Manual,First,20,1399,68,5,2.75
62,Mercedes-Benz New C-Class C 200 CGI Avantgarde,Delhi,2015,58000,Petrol,Automatic,First,11.74,1796,186,5,26.7
63,Mercedes-Benz New C-Class 200 CDI Classic,Pune,2011,65000,Diesel,Manual,Second,15.8,2148,170,5,10
64,Tata Indica V2 eLS,Chennai,2016,178000,Diesel,Manual,First,25,1396,69,5,2.5
65,Audi A4 2.0 TDI Multitronic,Jaipur,2012,65664,Diesel,Automatic,First,16.55,1968,140,5,13.5
66,Honda City ZX CVT,Mumbai,2007,63000,Petrol,Automatic,Second,16.4,1497,78,5,1.85
67,Mercedes-Benz C-Class Progressive C 220d,Coimbatore,2019,15369,Diesel,Automatic,First,0,1950,194,5,35.67
68,Maruti Ertiga SHVS VDI,Pune,2016,63000,Diesel,Manual,First,24.52,1248,88.5,7,8.15
69,Hyundai Creta 1.4 E Plus Diesel,Mumbai,2018,13000,Diesel,Manual,First,22.1,1396,88.7,5,10.5
70,Porsche Cayenne 2009-2014 Turbo,Mumbai,2008,73000,Petrol,Automatic,First,8.5,4806,500,5,14.5
71,Mahindra XUV500 W8 4WD,Mumbai,2015,55729,Diesel,Manual,First,15.1,2179,140,7,9.65
72,Hyundai i10 Sportz 1.2 AT,Kochi,2012,45178,Petrol,Automatic,First,16.95,1197,78.9,5,3.48
73,Nissan Terrano XV D Pre,Kochi,2015,56066,Diesel,Manual,First,19.64,1461,108.5,5,6.92
74,Honda Brio VX AT,Coimbatore,2016,37300,Petrol,Automatic,Second,16.5,1198,86.8,5,6.46
75,Audi A6 2.0 TDI Design Edition,Delhi,2014,56000,Diesel,Automatic,Second,18.53,1968,187.74,5,29.5
76,Ford Fiesta 1.4 SXi TDCi,Jaipur,2008,111111,Diesel,Manual,First,17.8,1399,0,5,2
77,Toyota Innova 2.0 G1,Chennai,2006,230000,Petrol,Manual,Third,12.4,1998,132,8,4.5
78,Toyota Innova 2.5 VX 7 STR BSIV,Hyderabad,2012,104000,Diesel,Manual,First,12.8,2494,102,7,11.75
79,Hyundai Santro Xing XL,Hyderabad,2005,87591,Petrol,Manual,First,0,1086,0,5,1.3
80,Maruti Swift VDI,Jaipur,2012,95100,Diesel,Manual,First,22.9,1248,74,5,3.75
81,Tata Zest Revotron 1.2T XE,Pune,2017,70000,Petrol,Manual,First,17.57,1193,88.7,5,4.5
82,Honda Amaze SX i-VTEC,Kochi,2016,54944,Petrol,Manual,First,18,1198,86.7,5,4.82
83,Ford Figo Diesel ZXI,Hyderabad,2012,70337,Diesel,Manual,First,20,1399,68,5,2.8
84,Maruti Ritz VDi,Jaipur,2013,99638,Diesel,Manual,First,23.2,1248,73.94,5,3.11
85,Honda City i VTEC E,Delhi,2009,52000,Petrol,Manual,First,17.8,1497,117.3,5,3.25
86,BMW 5 Series 2003-2012 525d,Delhi,2011,75000,Diesel,Automatic,Second,16.73,1995,218,5,13.9
87,Hyundai i10 Sportz 1.2,Pune,2009,95980,Petrol,Manual,First,20.36,1197,78.9,5,2.25
88,Hyundai Grand i10 Sportz,Bangalore,2016,16000,Petrol,Manual,First,18.9,1197,82,5,5.75
89,Hyundai Santro Xing XO,Hyderabad,2007,73745,Petrol,Manual,First,17,1086,0,5,2.1
90,Honda Amaze SX i-VTEC,Mumbai,2016,18949,Petrol,Manual,First,17.8,1198,86.7,5,5
91,Toyota Fortuner 4x2 Manual,Delhi,2014,107000,Diesel,Manual,First,13,2982,168.5,7,16.5
92,Audi A6 2011-2015 35 TDI Premium,Coimbatore,2018,48367,Diesel,Automatic,First,17.68,1968,174.33,5,39.58
93,Ford Ecosport 1.5 DV5 MT Titanium Optional,Delhi,2013,57000,Diesel,Manual,First,22.7,1498,89.84,5,5.5
94,Mahindra XUV500 W8 2WD,Delhi,2014,58000,Diesel,Manual,First,15.1,2179,140,7,8.1
95,Honda Amaze SX i-DTEC,Kolkata,2015,30000,Diesel,Manual,First,25.8,1498,98.6,5,3.5
96,Volkswagen Polo Diesel Highline 1.2L,Kolkata,2013,34212,Diesel,Manual,First,22.07,1199,73.9,5,2.79
97,Hyundai Verna Transform SX VGT CRDi,Ahmedabad,2010,70002,Diesel,Manual,First,16.2,1493,110,5,3.45
98,Maruti Wagon R VXI BS IV,Bangalore,2016,62000,Petrol,Manual,First,18.9,998,67.1,5,4.45
99,Volkswagen Polo Petrol Highline 1.6L,Delhi,2010,62001,Petrol,Manual,First,15.26,1598,103.5,5,2.65
100,Hyundai i20 1.4 CRDi Sportz,Pune,2011,78958,Diesel,Manual,Second,23,1396,90,5,3.8
101,Hyundai i20 Asta 1.2,Mumbai,2014,30180,Petrol,Manual,First,18.5,1197,82.85,5,4.65
102,Datsun GO Plus T Petrol,Pune,2017,32851,Petrol,Manual,First,19.83,1198,67,7,3.95
103,Audi A4 3.0 TDI Quattro Premium,Kolkata,2010,30000,Diesel,Automatic,First,14.94,2967,241.4,5,9.8
104,Hyundai i20 2015-2017 Asta,Pune,2009,66000,Petrol,Manual,Second,17,1197,80,5,2.7
105,Maruti Omni 5 Str STD,Coimbatore,2010,93850,Petrol,Manual,First,14,796,35,5,2.41
106,Toyota Etios Liva 1.2 G,Ahmedabad,2014,53000,Petrol,Manual,First,17.71,1197,78.9,5,3.9
107,Jaguar XF 3.0 Litre S Premium Luxury,Hyderabad,2011,78000,Diesel,Automatic,Second,14.74,2993,270.9,5,24
108,Mahindra XUV500 W8 2WD,Delhi,2012,65000,Diesel,Manual,Second,16,2179,140,7,5.75
109,Hyundai Verna 1.6 SX CRDI (O) AT,Kolkata,2014,40000,Diesel,Automatic,First,22.32,1582,126.32,5,5.25
110,Toyota Innova Crysta 2.8 ZX AT,Mumbai,2017,30000,Diesel,Automatic,First,11.36,2755,171.5,7,19.25
111,Maruti Eeco 5 Seater AC,Coimbatore,2017,38053,Petrol,Manual,First,15.1,1196,73,5,3.91
112,Tata Nano Twist XT,Bangalore,2014,25500,Petrol,Manual,First,25.4,624,37.5,4,2.15
113,BMW 3 Series 320d Luxury Line,Mumbai,2015,56087,Diesel,Automatic,First,22.69,1995,190,5,20.75
114,Honda Civic 2006-2010 1.8 V MT,Delhi,2010,71088,Petrol,Manual,First,13.5,1799,130,5,3.35
115,Toyota Innova 2.5 VX (Diesel) 7 Seater,Ahmedabad,2014,55000,Diesel,Manual,First,12.99,2494,100.6,7,11.11
116,Volvo V40 Cross Country D3,Bangalore,2014,32700,Diesel,Automatic,First,23.3,1984,150,5,20
117,Nissan Micra XV CVT,Coimbatore,2016,39882,Petrol,Automatic,First,19.15,1198,75.94,5,6.55
118,BMW 5 Series 2010-2013 525i,Mumbai,2009,128000,Petrol,Automatic,First,10.8,2497,215,5,7
119,Maruti Vitara Brezza VDi,Mumbai,2016,55000,Diesel,Manual,First,24.3,1248,88.5,5,7.5
120,Hyundai Santro Xing XL eRLX Euro III,Mumbai,2005,102000,Petrol,Manual,Second,17,1086,0,5,0.85
121,Mercedes-Benz B Class B200 CDI,Pune,2014,53753,Diesel,Automatic,Second,15,2143,107.3,5,16.75
122,Hyundai Verna CRDi 1.6 SX Option,Kolkata,2018,10250,Diesel,Manual,First,22,1582,126.2,5,10.95
123,Maruti Wagon R LXI BS IV,Pune,2011,43874,Petrol,Manual,First,18.9,998,67.1,5,2.45
124,Tata Nano XTA,Coimbatore,2017,32684,Petrol,Automatic,First,21.9,624,37.48,4,3.23
125,Mahindra Scorpio VLX,Kolkata,2014,42000,Diesel,Manual,First,12.05,2179,120,8,7.75
126,Mercedes-Benz New C-Class 200 K AT,Kolkata,2009,28352,Petrol,Automatic,First,11.7,1796,178,5,9.35
127,Maruti Wagon R LXI CNG,Pune,2013,89900,CNG,Manual,First,26.6,998,58.16,5,3.25
128,Honda CR-V 2.4 MT,Bangalore,2007,47700,Petrol,Manual,Second,10.8,2354,152,5,5.25
129,Volkswagen Vento 1.5 TDI Comfortline AT,Pune,2015,55000,Diesel,Automatic,First,21.21,1498,103.2,5,7.25
130,Maruti Ciaz VXi Plus,Kochi,2017,44285,Petrol,Manual,First,20.73,1373,91.1,5,7.47
131,Mahindra XUV500 AT W10 FWD,Jaipur,2016,54000,Diesel,Automatic,First,16,2179,140,7,13.25
132,Maruti Ritz VXI ABS,Coimbatore,2016,30232,Petrol,Manual,First,21.1,1197,85.8,5,5.81
133,Maruti Alto K10 VXI,Hyderabad,2014,88500,Petrol,Manual,First,24.07,998,67.1,5,2.6
134,Mercedes-Benz SLC 43 AMG,Kolkata,2017,13372,Petrol,Automatic,First,19,2996,362.07,2,54
135,Hyundai Verna VTVT 1.6 AT SX Plus,Kochi,2019,12645,Petrol,Automatic,First,17,1591,121.3,5,11.5
136,Maruti Alto LXi BSIII,Chennai,2010,94385,Petrol,Manual,Second,19.7,796,46.3,5,1.6
137,BMW 1 Series 118d Base,Coimbatore,2015,31821,Diesel,Automatic,First,20.58,1995,143,5,17.22
138,Honda Jazz 1.2 V CVT i VTEC,Mumbai,2015,12000,Petrol,Automatic,First,19,1199,88.7,5,6
139,Honda Civic 2006-2010 1.8 V MT,Delhi,2012,88578,Petrol,Manual,First,13.5,1799,130,5,3.95
140,Mercedes-Benz New C-Class C 220 CDI Avantgarde,Kochi,2014,44965,Diesel,Automatic,First,19.27,2143,170,5,17.95
141,Honda Amaze SX i-DTEC,Kolkata,2014,45044,Diesel,Manual,First,25.8,1498,98.6,5,3.7
142,Maruti Swift VVT VXI,Kochi,2016,34204,Petrol,Manual,First,22,1197,81.8,5,5.43
143,Hyundai Santro Xing XO eRLX Euro II,Kochi,2008,80759,Petrol,Manual,Third,17,1086,0,5,1.67
144,Toyota Fortuner 3.0 Diesel,Coimbatore,2012,91235,Diesel,Manual,First,11.5,2982,171,7,13.49
145,Chevrolet Beat LT Option,Pune,2014,38800,Petrol,Manual,First,18.6,1199,76.8,5,2.85
146,Skoda Rapid 1.5 TDI Elegance,Chennai,2013,83000,Diesel,Manual,First,21.14,1498,103.52,5,4.75
147,Maruti Ciaz 1.4 Alpha,Kochi,2018,41283,Petrol,Manual,First,20.73,1373,91.1,5,9.9
148,Audi RS5 Coupe,Mumbai,2013,23000,Petrol,Automatic,First,11.05,2894,444,4,37
149,BMW 3 Series Luxury Line,Mumbai,2014,48000,Diesel,Automatic,First,21.76,1995,190,5,26.5
150,Audi A4 2.0 TDI 177 Bhp Premium Plus,Coimbatore,2015,48214,Diesel,Automatic,First,17.11,1968,174.33,5,23.32
151,Maruti Swift VDI,Chennai,2016,35000,Diesel,Manual,First,22.9,1248,74,5,6.25
152,Mercedes-Benz S Class 2005 2013 S 500,Kolkata,2010,35277,Petrol,Automatic,First,7.81,5461,362.9,5,30
153,Skoda Rapid 1.5 TDI AT Elegance Plus Black Package,Coimbatore,2016,54620,Diesel,Automatic,First,21.66,1498,103.52,5,9.86
154,Skoda Superb Elegance 2.0 TDI CR AT,Pune,2012,136997,Diesel,Automatic,First,17.2,1968,138.1,5,8.5
155,Hyundai EON Magna Plus,Kochi,2019,14322,Petrol,Manual,First,21.1,814,55.2,5,4.23
156,Volkswagen Polo Diesel Trendline 1.2L,Jaipur,2012,65634,Diesel,Manual,First,22.07,1199,73.9,5,3.5
157,Datsun GO NXT,Kolkata,2016,6000,Petrol,Manual,First,20.63,1198,67.06,5,2.5
158,Honda Brio S MT,Kolkata,2013,33280,Petrol,Manual,First,19.4,1198,86.8,5,2.39
159,Mercedes-Benz B Class B180,Delhi,2013,29000,Petrol,Automatic,First,14.8,1595,120.7,5,11.25
160,Honda City i DTEC V,Kochi,2015,42831,Diesel,Manual,First,26,1498,98.6,5,7.11
161,Toyota Innova 2.5 G (Diesel) 7 Seater,Ahmedabad,2016,90000,Diesel,Manual,First,12.99,2494,100.6,7,10.9
162,Maruti Swift VXI Optional,Ahmedabad,2017,24005,Petrol,Manual,First,20.4,1197,81.8,5,6.2
163,Mahindra XUV500 W8 2WD,Mumbai,2012,32792,Diesel,Manual,First,15.1,2179,140,7,7.9
164,Ford Ecosport 1.5 DV5 MT Ambiente,Kochi,2014,147898,Diesel,Manual,First,22.7,1498,89.84,5,4.42
165,Toyota Fortuner 4x2 Manual,Mumbai,2012,131765,Diesel,Manual,First,13,2982,168.5,7,13.5
166,Volkswagen Vento 1.5 Highline Plus AT 16 Alloy,Chennai,2013,65000,Diesel,Automatic,First,21.5,1498,108.5,5,6.25
167,Ford Figo Diesel Titanium,Jaipur,2010,66123,Diesel,Manual,Second,20,1399,68,5,2.1
168,BMW X5 xDrive 30d,Mumbai,2015,41000,Diesel,Automatic,First,15.3,2993,258,5,45
169,Mercedes-Benz New C-Class C 220 CDI Style,Coimbatore,2017,23550,Diesel,Automatic,First,19.27,2143,167.62,5,33.66
170,Honda Brio V MT,Bangalore,2012,45000,Petrol,Manual,Second,19.4,1198,86.8,5,3.65
171,Hyundai i10 Magna 1.2,Delhi,2013,60000,Petrol,Manual,First,20.36,1197,78.9,5,2.75
172,Mercedes-Benz GLC 220,Bangalore,2016,44414,Diesel,Automatic,First,17.9,2143,170,5,42.5
173,Hyundai Grand i10 1.2 Kappa Asta,Kolkata,2019,1000,Petrol,Manual,First,18.9,1197,81.86,5,6.5
174,Audi A6 2011-2015 2.0 TDI Premium Plus,Mumbai,2012,62500,Diesel,Automatic,Second,17.68,1968,174.33,5,19
175,Volkswagen Vento Petrol Highline AT,Mumbai,2013,21000,Petrol,Automatic,Second,14.4,1598,103.6,5,4.45
176,Mini Countryman Cooper D,Jaipur,2017,8525,Diesel,Automatic,Second,16.6,1998,112,5,23
177,Hyundai i20 Asta 1.4 CRDi,Bangalore,2014,29000,Diesel,Manual,First,22.54,1396,88.73,5,8.35
178,Audi A6 2011-2015 2.0 TDI Premium Plus,Mumbai,2014,40000,Diesel,Automatic,First,17.68,1968,174.33,5,22.95
179,Chevrolet Beat Diesel LT,Jaipur,2012,88000,Diesel,Manual,First,25.44,936,57.6,5,1.5
180,Skoda Superb Elegance 1.8 TSI AT,Kochi,2012,53537,Petrol,Automatic,First,13.7,1798,157.75,5,6.89
181,Ford Fiesta 1.4 TDCi EXI Limited Edition,Chennai,2006,216000,Diesel,Manual,Second,17.8,1399,68,5,1.45
182,BMW 5 Series 520d Luxury Line,Hyderabad,2014,51000,Diesel,Automatic,First,22.48,1995,190,5,33.5
183,Chevrolet Optra Magnum 1.6 LS BS3,Jaipur,2007,118500,Petrol,Manual,First,12.9,1598,102.5,5,1.25
184,Volkswagen Polo Diesel Highline 1.2L,Hyderabad,2012,63000,Diesel,Manual,First,22.07,1199,73.9,5,4.2
185,Renault Lodgy 110PS RxZ 8 Seater,Mumbai,2015,25000,Diesel,Manual,First,19.98,1461,108.5,8,6.75
186,Mercedes-Benz E-Class E250 CDI Avantgrade,Bangalore,2014,37382,Diesel,Automatic,First,13,2143,201.1,5,32
187,Maruti Baleno Alpha,Kochi,2017,24773,Petrol,Manual,First,21.4,1197,83.1,5,7.5
188,Hyundai Verna 1.6 SX,Delhi,2012,62000,Diesel,Manual,First,22.32,1582,126.32,5,4.6
189,Hyundai i10 Magna 1.1,Kochi,2017,52340,Petrol,Manual,First,19.81,1086,68.05,5,4.04
190,Mahindra Scorpio 1.99 S10 4WD,Kochi,2016,56739,Diesel,Manual,First,15.4,1997,120,7,10.31
191,Land Rover Range Rover 2.2L Dynamic,Coimbatore,2018,36091,Diesel,Automatic,First,12.7,2179,187.7,5,55.76
192,Ford Figo Diesel ZXI,Chennai,2010,120000,Diesel,Manual,First,20,1399,68,5,2.6
193,Maruti Ertiga ZDI,Mumbai,2016,33000,Diesel,Manual,First,25.47,1248,88.5,7,8.5
194,Honda City 1.5 GXI,Ahmedabad,2007,60006,Petrol,Manual,First,0,0,0,0,2.95
195,Honda Amaze S i-Dtech,Kolkata,2014,52000,Diesel,Manual,First,25.8,1498,98.6,5,3.5
196,Hyundai i10 Magna,Jaipur,2015,43571,Petrol,Manual,First,20.36,1197,78.9,5,3.55
197,Honda Amaze S i-Dtech,Kolkata,2013,50000,Diesel,Manual,First,25.8,1498,98.6,5,3.25
198,Skoda Laura Ambiente,Hyderabad,2008,113000,Diesel,Manual,First,17.5,1896,106,5,4.5
199,Renault Duster 85PS Diesel RxL,Delhi,2014,90000,Diesel,Manual,First,19.87,1461,83.8,5,5.35
200,Mahindra NuvoSport N6,Chennai,2017,29000,Diesel,Manual,Second,17.45,1493,100,7,6.5
201,Maruti Vitara Brezza ZDi Plus Dual Tone,Mumbai,2016,20000,Diesel,Manual,First,24.3,1248,88.5,5,9
202,Hyundai i20 Asta Option 1.2,Kochi,2016,61012,Petrol,Manual,First,18.6,1197,81.83,5,6
203,Skoda Fabia 1.4 MPI Ambiente,Jaipur,2009,87459,Petrol,Manual,First,14.7,1390,85,5,2.75
204,Tata Indigo eCS GLX,Pune,2010,70500,Petrol,Manual,First,15.64,1193,64.1,5,1.5
205,Audi Q3 2012-2015 35 TDI Quattro Premium Plus,Delhi,2015,64103,Diesel,Automatic,First,15.73,1968,174.33,5,19.9
206,Skoda Octavia Elegance 1.8 TSI AT,Mumbai,2014,76000,Petrol,Automatic,First,14.7,1798,177.5,5,10
207,Toyota Etios Liva GD SP,Delhi,2014,104000,Diesel,Manual,First,23.59,1364,67.06,5,3
208,Maruti Swift 1.3 VXi,Kolkata,2010,42001,Petrol,Manual,First,16.1,0,0,0,2.11
209,Mercedes-Benz B Class B180,Kochi,2014,37245,Petrol,Automatic,First,14.8,1595,120.7,5,11.96
210,Honda Amaze S Diesel,Kolkata,2013,45000,Diesel,Manual,First,27.4,1498,98.6,5,3.25
211,Hyundai Verna 1.6 SX,Jaipur,2012,117837,Diesel,Manual,Second,22.32,1582,126.32,5,4.75
212,Renault Duster 85PS Diesel RxL Optional,Mumbai,2014,30000,Diesel,Manual,First,20.46,1461,83.8,5,5.95
213,Hyundai Creta 1.6 VTVT S,Delhi,2015,27057,Petrol,Manual,Second,15.29,1591,121.3,5,8.15
214,Maruti Wagon R AMT VXI,Mumbai,2016,8500,Petrol,Automatic,First,20.51,998,67,5,4.22
215,Mercedes-Benz New C-Class C250 Avantgarde,Kolkata,2010,30500,Petrol,Automatic,First,11.74,1796,186,5,10.5
216,Audi A8 L 3.0 TDI quattro,Delhi,2012,56000,Diesel,Automatic,First,11.8,2967,246.7,5,45
217,Hyundai i10 Magna 1.1,Pune,2012,44000,Petrol,Manual,Second,19.81,1086,68.05,5,2.9
218,Skoda Rapid 1.6 MPI AT Style Black Package,Mumbai,2017,10500,Petrol,Automatic,First,14.3,1598,103.52,5,8.9
219,Skoda Superb Style 1.8 TSI AT,Hyderabad,2017,26000,Petrol,Automatic,First,14.67,1798,177.46,5,26
220,Hyundai i20 Active 1.2 SX,Coimbatore,2018,25166,Petrol,Manual,First,17.19,1197,81.86,5,8.22
221,Honda Amaze VX i-DTEC,Kolkata,2014,64000,Diesel,Manual,Second,25.8,1498,98.6,5,3.5
222,Maruti Wagon R LXI,Chennai,2004,61000,Petrol,Manual,Second,18.9,998,67.1,5,1.25
223,Mahindra Verito 1.5 D4 BSIV,Hyderabad,2013,107000,Diesel,Manual,First,21.03,1461,65,5,3.7
224,Mercedes-Benz New C-Class C 220d Avantgarde Edition C,Coimbatore,2018,29161,Diesel,Automatic,First,19.27,2143,167.62,5,39.41
225,Maruti Wagon R VXI,Kolkata,2013,32000,Petrol,Manual,First,22.5,998,67.04,5,2.65
226,Nissan Terrano XV Premium 110 PS Anniversary Edition,Coimbatore,2015,46173,Diesel,Manual,Second,19.01,1461,108.5,5,8.92
227,Maruti Swift VDI BSIV,Delhi,2013,47000,Diesel,Manual,First,17.8,1248,0,5,4.1
228,Mini Cooper Convertible S,Kochi,2017,26327,Petrol,Automatic,First,16.82,1998,189.08,4,35.67
229,Ford Figo Diesel,Bangalore,2015,70436,Diesel,Manual,First,0,1498,99,0,3.6
230,Tata Indica V2 DLS BSII,Jaipur,2007,200000,Diesel,Manual,Second,17.2,1396,53.5,5,0.85
231,Chevrolet Beat LT,Kochi,2016,60813,Petrol,Manual,Second,18.6,1199,76.8,5,3.32
232,Volkswagen Polo Diesel Comfortline 1.2L,Mumbai,2012,45000,Diesel,Manual,First,22.07,1199,73.9,5,3.6
233,Maruti Swift ZDi,Hyderabad,2016,64000,Diesel,Manual,First,22.9,1248,74,5,6.8
234,Ford Figo Diesel EXI,Kolkata,2012,41284,Diesel,Manual,First,20,1399,68.05,5,2.5
235,Toyota Innova Crysta 2.8 GX AT,Kochi,2019,14165,Diesel,Automatic,First,11.36,2755,171.5,7,19.64
236,Hyundai Santa Fe 4x4 AT,Mumbai,2011,67000,Diesel,Automatic,Second,11.72,2199,194.3,7,7
237,Honda City i-VTEC V,Kolkata,2011,32572,Petrol,Manual,First,17.4,1497,117.3,5,3.87
238,Hyundai i20 1.2 Magna Executive,Kochi,2018,14960,Petrol,Manual,First,18.6,1197,81.83,5,6.27
239,Mercedes-Benz New C-Class C 220d Avantgarde Edition C,Kochi,2015,55980,Diesel,Automatic,First,19.27,2143,167.62,5,18.12
240,Chevrolet Beat Diesel LT,Mumbai,2013,74000,Diesel,Manual,First,25.44,936,57.6,5,2.65
241,Hyundai i20 Sportz 1.4 CRDi,Kochi,2015,56847,Diesel,Manual,First,22.54,1396,88.73,5,7.2
242,Toyota Innova 2.5 Z Diesel 7 Seater,Coimbatore,2015,121374,Diesel,Manual,First,12.99,2494,100.6,7,14.3
243,Maruti Ertiga VDI,Chennai,2013,52000,Diesel,Manual,First,20.77,1248,88.76,7,6.9
244,Toyota Innova 2.5 V Diesel 7-seater,Mumbai,2014,118000,Diesel,Manual,First,12.8,2494,102,7,10.75
245,Hyundai Santro Xing XO eRLX Euro II,Mumbai,2007,72000,Petrol,Manual,Third,17,1086,0,5,0.95
246,Honda City i VTEC V,Kochi,2016,33915,Petrol,Manual,First,17.8,1497,117.3,5,8.09
247,BMW X1 sDrive20d,Ahmedabad,2014,82002,Diesel,Automatic,First,17.05,1995,184,5,18.5
248,Hyundai Grand i10 CRDi Era,Mumbai,2017,33000,Diesel,Manual,First,24,1120,70,5,4.75
249,Maruti Ciaz 1.3 Alpha,Chennai,2016,34000,Diesel,Manual,First,28.09,1248,88.5,5,8.45
250,Skoda Rapid Leisure 1.6 TDI MT,Kolkata,2012,55000,Diesel,Manual,First,20.5,1598,103.6,5,3.5
251,Hyundai Aent CRDi,Kochi,2006,160538,Diesel,Manual,First,13.1,1493,82,5,1.8
252,Volkswagen Polo GT 1.5 TDI,Jaipur,2014,60000,Diesel,Manual,Second,19.91,1498,103.6,5,3.7
253,Honda Jazz 1.2 VX i VTEC,Coimbatore,2017,49575,Petrol,Manual,First,18.7,1199,88.7,5,7.17
254,Hyundai i10 Era,Jaipur,2010,83000,Petrol,Manual,First,19.81,1086,68.05,5,1.75
255,Hyundai Tucson 2.0 e-VGT 2WD AT GLS,Kochi,2018,51346,Diesel,Automatic,First,16.38,1995,183,5,21.99
256,Toyota Innova Crysta 2.4 ZX MT,Pune,2017,43000,Diesel,Manual,First,13.68,2393,147.8,7,18.65
257,Maruti Omni MPI CARGO BSIII W/ IMMOBILISER,Jaipur,2011,35000,Petrol,Manual,Third,19.7,796,35,5,1.85
258,Maruti Swift VXI BSIV,Coimbatore,2017,27872,Petrol,Manual,Second,20.4,1197,81.8,5,5.95
259,Hyundai Grand i10 Magna,Mumbai,2014,16514,Petrol,Manual,First,18.9,1197,82,5,3.75
260,Maruti Swift VDI,Pune,2012,120000,Diesel,Manual,First,22.9,1248,74,5,3.75
261,Hyundai Verna CRDi 1.6 SX,Hyderabad,2008,143275,Diesel,Manual,First,22,1582,126.2,5,2.6
262,Hyundai Santro Xing XL,Hyderabad,2006,99000,Petrol,Manual,First,0,1086,0,5,1.75
263,Hyundai i20 1.2 Sportz,Mumbai,2010,52000,Petrol,Manual,First,17,1197,80,5,2.8
264,Mercedes-Benz GLE 350d,Coimbatore,2017,29819,Diesel,Automatic,First,11.57,2987,254.79,5,61.29
265,Mercedes-Benz New C-Class C 220 CDI CLASSIC,Bangalore,2014,57000,Diesel,Manual,Second,15.8,2148,170,5,18
266,Maruti Ritz ZDi,Hyderabad,2014,88500,Diesel,Manual,First,23.2,1248,73.94,5,4.35
267,Hyundai Creta 1.6 CRDi SX,Bangalore,2016,28000,Diesel,Manual,First,19.67,1582,126.2,5,13.75
268,Maruti A-Star Vxi,Pune,2010,67000,Petrol,Manual,First,19,998,66.1,5,2
269,Renault Duster 110PS Diesel RXZ Option,Delhi,2016,26000,Diesel,Manual,First,19.64,1461,108.45,5,10
270,Fiat Grande Punto 1.3 Emotion Pack (Diesel),Delhi,2010,120000,Diesel,Manual,First,17.8,1248,76,5,1.65
271,BMW X3 xDrive30d M Sport,Coimbatore,2017,51982,Diesel,Automatic,First,16.55,2993,258,5,45.77
272,Hyundai i10 Sportz,Bangalore,2010,36000,Petrol,Manual,Second,20.36,1197,78.9,5,3.25
273,Toyota Innova 2.5 G4 Diesel 7-seater,Pune,2016,47000,Diesel,Manual,First,12.8,2494,102,7,12.8
274,Maruti Zen VXI BSII,Mumbai,2002,60000,Petrol,Manual,Third,17.3,993,60,5,0.55
275,Maruti Swift VDI,Hyderabad,2018,31025,Diesel,Manual,First,28.4,1248,74,5,7.15
276,Mahindra Scorpio VLX 2.2 mHawk Airbag BSIV,Pune,2013,105000,Diesel,Manual,Second,12.05,2179,120,8,7
277,Tata Zest Quadrajet 1.3 75PS XE,Pune,2017,121900,Diesel,Manual,First,22.95,1248,74,5,3.75
278,Ford EcoSport 1.0 Ecoboost Titanium Plus,Mumbai,2017,22695,Petrol,Manual,First,18.88,999,123.24,5,8.5
279,Maruti Swift Dzire ZDI,Jaipur,2012,73000,Diesel,Manual,First,23.4,1248,74,5,4.35
280,Maruti Alto 800 LXI,Kochi,2016,32227,Petrol,Manual,First,22.74,796,47.3,5,3.26
281,Honda City 1.5 S MT,Jaipur,2011,55000,Petrol,Manual,First,17,1497,118,5,4.21
282,Audi Q7 3.0 TDI Quattro Technology,Kochi,2018,11287,Diesel,Automatic,First,12.07,2967,241.4,7,70.36
283,Skoda Laura 1.9 TDI AT Ambiente,Mumbai,2009,48000,Diesel,Automatic,Second,17,1896,105,5,2.95
284,Hyundai Verna 1.6 SX VTVT (O),Kochi,2012,54308,Petrol,Manual,First,17.1,1591,121.3,5,4.28
285,Honda City 1.5 V AT,Jaipur,2009,78442,Petrol,Automatic,First,16.8,1497,118,5,3.57
286,Hyundai i20 Magna Optional 1.4 CRDi,Kolkata,2013,46000,Diesel,Manual,First,21.9,1396,88.8,5,3.11
287,Hyundai i20 Sportz AT 1.4,Coimbatore,2014,45051,Petrol,Automatic,First,15,1396,98.6,5,5.96
288,Volkswagen Vento Diesel Highline,Hyderabad,2011,69000,Diesel,Manual,First,20.54,1598,103.6,5,4.7
289,Honda City i VTEC VX,Ahmedabad,2014,49000,Petrol,Manual,First,17.4,1497,117.3,5,6.9
290,Tata Zest Quadrajet 1.3 75PS XE,Pune,2018,45000,Diesel,Manual,First,22.95,1248,74,5,5.25
291,BMW 5 Series 2003-2012 520d,Pune,2015,64000,Diesel,Automatic,First,18.48,1995,177,5,28
292,Maruti Wagon R LXI Minor,Delhi,2009,60000,Petrol,Manual,First,18.9,1061,67,5,1.35
293,Honda Jazz VX,Delhi,2015,62178,Petrol,Manual,First,18.2,1199,88.7,5,4.85
294,Volkswagen Jetta 2007-2011 2.0 TDI Comfortline,Coimbatore,2012,58006,Diesel,Manual,First,15,1896,105,5,6.7
295,Hyundai i10 Magna 1.2,Hyderabad,2010,74000,Petrol,Manual,First,20.36,1197,78.9,5,3.1
296,Mercedes-Benz New C-Class C 220 CDI Avantgarde,Kochi,2015,77771,Diesel,Automatic,First,19.27,2143,170,5,18.64
297,Hyundai i10 Magna 1.2 iTech SE,Pune,2012,45275,Petrol,Manual,First,20.36,1197,78.9,5,2.8
298,Toyota Innova Crysta 2.4 ZX MT,Chennai,2016,48000,Diesel,Manual,First,13.68,2393,147.8,7,20.25
